Course ID,Question Stem,Question Type,Question Choices
30231, The booklet is targeted ______ people approaching retirement. ,choice,"[{'answerId': 81865, 'answerSeq': 0, 'answerKey': 'A', 'answerValue': 'at', 'isRight': 1}, {'answerId': 81866, 'answerSeq': 1, 'answerKey': 'B', 'answerValue': 'of', 'isRight': 0}, {'answerId': 81867, 'answerSeq': 2, 'answerKey': 'C', 'answerValue': 'for', 'isRight': 0}, {'answerId': 81868, 'answerSeq': 3, 'answerKey': 'D', 'answerValue': 'with', 'isRight': 0}]"
30231, The government has poured millions ______ the education system. ,choice,"[{'answerId': 81869, 'answerSeq': 0, 'answerKey': 'A', 'answerValue': 'for', 'isRight': 0}, {'answerId': 81870, 'answerSeq': 1, 'answerKey': 'B', 'answerValue': 'of', 'isRight': 0}, {'answerId': 81871, 'answerSeq': 2, 'answerKey': 'C', 'answerValue': 'onto', 'isRight': 0}, {'answerId': 81872, 'answerSeq': 3, 'answerKey': 'D', 'answerValue': 'into', 'isRight': 1}]"
30231, Their sponsors pulled ______ at the last minute. ,choice,"[{'answerId': 81873, 'answerSeq': 0, 'answerKey': 'A', 'answerValue': 'for', 'isRight': 0}, {'answerId': 81874, 'answerSeq': 1, 'answerKey': 'B', 'answerValue': 'about', 'isRight': 0}, {'answerId': 81875, 'answerSeq': 2, 'answerKey': 'C', 'answerValue': 'back', 'isRight': 1}, {'answerId': 81876, 'answerSeq': 3, 'answerKey': 'D', 'answerValue': 'from', 'isRight': 0}]"
30231," They used to be great friends, but they've gradually drifted ______ over the years. ",choice,"[{'answerId': 81877, 'answerSeq': 0, 'answerKey': 'A', 'answerValue': 'about', 'isRight': 0}, {'answerId': 81878, 'answerSeq': 1, 'answerKey': 'B', 'answerValue': 'apart', 'isRight': 1}, {'answerId': 81879, 'answerSeq': 2, 'answerKey': 'C', 'answerValue': 'against', 'isRight': 0}, {'answerId': 81880, 'answerSeq': 3, 'answerKey': 'D', 'answerValue': 'all', 'isRight': 0}]"
30231," Something that is ______ is difficult and unpleasant, making you feel tired or weak. ",choice,"[{'answerId': 81881, 'answerSeq': 0, 'answerKey': 'A', 'answerValue': 'brief', 'isRight': 0}, {'answerId': 81882, 'answerSeq': 1, 'answerKey': 'B', 'answerValue': 'brilliant', 'isRight': 0}, {'answerId': 81883, 'answerSeq': 2, 'answerKey': 'C', 'answerValue': 'bruising', 'isRight': 1}, {'answerId': 81884, 'answerSeq': 3, 'answerKey': 'D', 'answerValue': 'brutal', 'isRight': 0}]"
30231," What does ""issue"" mean in ""An executive order President Biden issued Wednesday ...""? ",choice,"[{'answerId': 81885, 'answerSeq': 0, 'answerKey': 'A', 'answerValue': 'to make something known formally', 'isRight': 1}, {'answerId': 81886, 'answerSeq': 1, 'answerKey': 'B', 'answerValue': 'to give something to somebody', 'isRight': 0}, {'answerId': 81887, 'answerSeq': 2, 'answerKey': 'C', 'answerValue': 'to produce something such as a magazine', 'isRight': 0}, {'answerId': 81888, 'answerSeq': 3, 'answerKey': 'D', 'answerValue': 'to produce new stamps, coins, shares, etc.', 'isRight': 0}]"
30231," What does ""tentative"" mean in ""In the short term, officials and security specialists said, the tentative diplomatic progress of recent months is likely to hold""? ",choice,"[{'answerId': 81889, 'answerSeq': 0, 'answerKey': 'A', 'answerValue': 'not willing to do something and therefore slow to do it', 'isRight': 0}, {'answerId': 81890, 'answerSeq': 1, 'answerKey': 'B', 'answerValue': 'not definite or certain, because you may want to change things', 'isRight': 1}, {'answerId': 81891, 'answerSeq': 2, 'answerKey': 'C', 'answerValue': 'not afraid, in a way that people admire', 'isRight': 0}, {'answerId': 81892, 'answerSeq': 3, 'answerKey': 'D', 'answerValue': 'stupid and unreasonable, or silly in a humorous way', 'isRight': 0}]"
30231," Which of the following has the word ""hold"" with the same meaning as that in ""In the short term, officials and security specialists said, the tentative diplomatic progress of recent months is likely to hold""? ",choice,"[{'answerId': 81893, 'answerSeq': 0, 'answerKey': 'A', 'answerValue': ""Parents will be held responsible for their children's behaviour."", 'isRight': 0}, {'answerId': 81894, 'answerSeq': 1, 'answerKey': 'B', 'answerValue': 'The government is committed to holding exports at their present level.', 'isRight': 1}, {'answerId': 81895, 'answerSeq': 2, 'answerKey': 'C', 'answerValue': 'He has already held discussions with Irish shareholders.', 'isRight': 0}, {'answerId': 81896, 'answerSeq': 3, 'answerKey': 'D', 'answerValue': ""Police are holding two men in connection with last Thursday's bank raid."", 'isRight': 0}]"
30231," What does ""diversification"" mean in ""That talk of diversification, de-risking, decoupling, disentangling¡ªchoose your ¡®D-word,¡¯ whichever one you like ...""? ",choice,"[{'answerId': 81897, 'answerSeq': 0, 'answerKey': 'A', 'answerValue': 'a careful examination of a substance in order to find out what it consists of', 'isRight': 0}, {'answerId': 81898, 'answerSeq': 1, 'answerKey': 'B', 'answerValue': 'a disagreement or difference in opinion, way of life, etc.', 'isRight': 0}, {'answerId': 81899, 'answerSeq': 2, 'answerKey': 'C', 'answerValue': 'the process or result of dividing into separate parts', 'isRight': 0}, {'answerId': 81900, 'answerSeq': 3, 'answerKey': 'D', 'answerValue': 'the process of changing so that there is greater variety', 'isRight': 1}]"
30231," Which of the following has the word ""deny"" with the same meaning as that in ""In doing so, White House officials said, the order intends to deny China the know-how, market access and other benefits U.S. venture-capital and private-equity firms bring with their investments""? ",choice,"[{'answerId': 81901, 'answerSeq': 0, 'answerKey': 'A', 'answerValue': 'Even under torture, he refused to deny his beliefs.', 'isRight': 0}, {'answerId': 81902, 'answerSeq': 1, 'answerKey': 'B', 'answerValue': ""Neil denies that he broke the window, but I'm sure he did."", 'isRight': 0}, {'answerId': 81903, 'answerSeq': 2, 'answerKey': 'C', 'answerValue': 'I was denied the opportunity of learning French at school.', 'isRight': 1}, {'answerId': 81904, 'answerSeq': 3, 'answerKey': 'D', 'answerValue': ""On this diet, I don't feel like I'm denying myself."", 'isRight': 0}]"
30232, The lettering stood ______ well against the dark background. ,choice,"[{'answerId': 81545, 'answerSeq': 0, 'answerKey': '', 'answerValue': 'of', 'isRight': 0}, {'answerId': 81546, 'answerSeq': 0, 'answerKey': '', 'answerValue': 'out', 'isRight': 1}, {'answerId': 81547, 'answerSeq': 0, 'answerKey': '', 'answerValue': 'for', 'isRight': 0}, {'answerId': 81548, 'answerSeq': 0, 'answerKey': '', 'answerValue': 'from', 'isRight': 0}]"
30232," At this time of year, most people are pining ______ the return of spring. ",choice,"[{'answerId': 81549, 'answerSeq': 0, 'answerKey': '', 'answerValue': 'in', 'isRight': 0}, {'answerId': 81550, 'answerSeq': 0, 'answerKey': '', 'answerValue': 'at', 'isRight': 0}, {'answerId': 81551, 'answerSeq': 0, 'answerKey': '', 'answerValue': 'of', 'isRight': 0}, {'answerId': 81552, 'answerSeq': 0, 'answerKey': '', 'answerValue': 'for', 'isRight': 1}]"
30232," After toiling ______ at work all week, it's good to relax. ",choice,"[{'answerId': 81553, 'answerSeq': 0, 'answerKey': '', 'answerValue': 'upon', 'isRight': 0}, {'answerId': 81554, 'answerSeq': 0, 'answerKey': '', 'answerValue': 'from', 'isRight': 0}, {'answerId': 81555, 'answerSeq': 0, 'answerKey': '', 'answerValue': 'away', 'isRight': 1}, {'answerId': 81556, 'answerSeq': 0, 'answerKey': '', 'answerValue': 'about', 'isRight': 0}]"
30232, A large amount of money will have to be injected ______ the company if it is to survive. ,choice,"[{'answerId': 81557, 'answerSeq': 0, 'answerKey': '', 'answerValue': 'onto', 'isRight': 0}, {'answerId': 81558, 'answerSeq': 0, 'answerKey': '', 'answerValue': 'into', 'isRight': 1}, {'answerId': 81559, 'answerSeq': 0, 'answerKey': '', 'answerValue': 'upon', 'isRight': 0}, {'answerId': 81560, 'answerSeq': 0, 'answerKey': '', 'answerValue': 'from', 'isRight': 0}]"
30232," When you draw parallels ______ two distinct things, it means you highlight the similarities. ",choice,"[{'answerId': 81561, 'answerSeq': 0, 'answerKey': '', 'answerValue': 'upon', 'isRight': 0}, {'answerId': 81562, 'answerSeq': 0, 'answerKey': '', 'answerValue': 'from', 'isRight': 0}, {'answerId': 81563, 'answerSeq': 0, 'answerKey': '', 'answerValue': 'between', 'isRight': 1}, {'answerId': 81564, 'answerSeq': 0, 'answerKey': '', 'answerValue': 'against', 'isRight': 0}]"
30232," Which of the following can BEST replace ""primed"" in ""But it is clear the bosses are primed for a fight""? ",choice,"[{'answerId': 81565, 'answerSeq': 0, 'answerKey': '', 'answerValue': 'prepared', 'isRight': 1}, {'answerId': 81566, 'answerSeq': 0, 'answerKey': '', 'answerValue': 'protected', 'isRight': 0}, {'answerId': 81567, 'answerSeq': 0, 'answerKey': '', 'answerValue': 'processed', 'isRight': 0}, {'answerId': 81568, 'answerSeq': 0, 'answerKey': '', 'answerValue': 'preferred', 'isRight': 0}]"
30232," Which of the following is a synonym of ""underscore"" in ""The latest outburst between them underscores the growing rivalry of their business interests ...""? ",choice,"[{'answerId': 81569, 'answerSeq': 0, 'answerKey': '', 'answerValue': 'undergo', 'isRight': 0}, {'answerId': 81570, 'answerSeq': 0, 'answerKey': '', 'answerValue': 'underestimate', 'isRight': 0}, {'answerId': 81571, 'answerSeq': 0, 'answerKey': '', 'answerValue': 'underline', 'isRight': 1}, {'answerId': 81572, 'answerSeq': 0, 'answerKey': '', 'answerValue': 'understand', 'isRight': 0}]"
30232," Which of the following has the word ""propose"" with the same meaning as that in ""Even by the standards of billionaire-versus-billionaire tiffs, the proposed cage fight between Elon Musk and Mark Zuckerberg stands out""? ",choice,"[{'answerId': 81573, 'answerSeq': 0, 'answerKey': 'A', 'answerValue': 'How do you propose getting home?', 'isRight': 0}, {'answerId': 81574, 'answerSeq': 1, 'answerKey': 'B', 'answerValue': 'Since the idea was first proposed, no action has been taken.', 'isRight': 1}, {'answerId': 81575, 'answerSeq': 2, 'answerKey': 'C', 'answerValue': 'He was afraid that if he proposed she might refuse.', 'isRight': 0}, {'answerId': 81576, 'answerSeq': 3, 'answerKey': 'D', 'answerValue': 'He was proposed for the job of treasurer.', 'isRight': 0}]"
30232," What does ""rivalry"" mean in ""The latest outburst between them underscores the growing rivalry of their business interests ...""? ",choice,"[{'answerId': 81577, 'answerSeq': 0, 'answerKey': '', 'answerValue': 'an act of saying or showing that you will not do, give or accept something', 'isRight': 0}, {'answerId': 81578, 'answerSeq': 0, 'answerKey': '', 'answerValue': 'a decision or arrangement, often formal and written, between two or more groups or people', 'isRight': 0}, {'answerId': 81579, 'answerSeq': 0, 'answerKey': '', 'answerValue': 'a state in which two people, companies, etc. are competing for the same thing', 'isRight': 1}, {'answerId': 81580, 'answerSeq': 0, 'answerKey': '', 'answerValue': 'the situation in which people have the same opinion, or in which they approve of or accept something', 'isRight': 0}]"
30232," What does ""feud"" mean in ""Behind the Musk-Zuckerberg 'Cage Match' Is a Yearslong Billionaire Feud""? ",choice,"[{'answerId': 81581, 'answerSeq': 0, 'answerKey': '', 'answerValue': 'a high-level competition to decide who is the best, especially in a sport', 'isRight': 0}, {'answerId': 81582, 'answerSeq': 0, 'answerKey': '', 'answerValue': 'an organized event in which people try to win a prize by being the best, fastest, etc.', 'isRight': 0}, {'answerId': 81583, 'answerSeq': 0, 'answerKey': '', 'answerValue': 'the activity of fighting a war, often including the weapons and methods that are used', 'isRight': 0}, {'answerId': 81584, 'answerSeq': 0, 'answerKey': '', 'answerValue': 'an angry and bitter argument between two people or groups of people that continues over a long period of time', 'isRight': 1}]"
30233, This small battle is very important in the context ______ Scottish history.,choice,"[{'answerId': 81185, 'answerSeq': 0, 'answerKey': '', 'answerValue': 'on', 'isRight': 0}, {'answerId': 81186, 'answerSeq': 0, 'answerKey': '', 'answerValue': 'to', 'isRight': 0}, {'answerId': 81187, 'answerSeq': 0, 'answerKey': '', 'answerValue': 'in', 'isRight': 0}, {'answerId': 81188, 'answerSeq': 0, 'answerKey': '', 'answerValue': 'of', 'isRight': 1}]"
30233, The book was a fitting ______ to his career.,choice,"[{'answerId': 81189, 'answerSeq': 0, 'answerKey': '', 'answerValue': 'customer', 'isRight': 0}, {'answerId': 81190, 'answerSeq': 0, 'answerKey': '', 'answerValue': 'culmination', 'isRight': 1}, {'answerId': 81191, 'answerSeq': 0, 'answerKey': '', 'answerValue': 'cultivation', 'isRight': 0}, {'answerId': 81192, 'answerSeq': 0, 'answerKey': '', 'answerValue': 'curriculum', 'isRight': 0}]"
30233,"The meaning can be ______, or idiomatic: it's all about the context.",choice,"[{'answerId': 81193, 'answerSeq': 0, 'answerKey': 'A', 'answerValue': 'illegible', 'isRight': 0}, {'answerId': 81194, 'answerSeq': 1, 'answerKey': 'B', 'answerValue': 'literal', 'isRight': 1}, {'answerId': 81195, 'answerSeq': 2, 'answerKey': 'C', 'answerValue': 'literary', 'isRight': 0}, {'answerId': 81196, 'answerSeq': 3, 'answerKey': 'D', 'answerValue': 'lilting', 'isRight': 0}]"
30233, They give an ______ optimistic assessment of their own skills and abilities.,choice,"[{'answerId': 81197, 'answerSeq': 0, 'answerKey': '', 'answerValue': 'unrelentingly', 'isRight': 0}, {'answerId': 81198, 'answerSeq': 0, 'answerKey': '', 'answerValue': 'unrepentantly', 'isRight': 0}, {'answerId': 81199, 'answerSeq': 0, 'answerKey': '', 'answerValue': 'unrealistically', 'isRight': 1}, {'answerId': 81200, 'answerSeq': 0, 'answerKey': '', 'answerValue': 'unreasonably', 'isRight': 0}]"
30233," I saw a ______ for the new series of ""Game of Thrones"" last night.",choice,"[{'answerId': 81201, 'answerSeq': 0, 'answerKey': '', 'answerValue': 'track', 'isRight': 0}, {'answerId': 81202, 'answerSeq': 0, 'answerKey': '', 'answerValue': 'trait', 'isRight': 0}, {'answerId': 81203, 'answerSeq': 0, 'answerKey': '', 'answerValue': 'trade', 'isRight': 0}, {'answerId': 81204, 'answerSeq': 0, 'answerKey': '', 'answerValue': 'trailer', 'isRight': 1}]"
30233," Which of the following is the synonym of ""tortuous"" in ""But Barbie's film debut also comes in the context of a much longer and more tortuous journey ...""? ",choice,"[{'answerId': 81205, 'answerSeq': 0, 'answerKey': '', 'answerValue': 'tedious', 'isRight': 0}, {'answerId': 81206, 'answerSeq': 0, 'answerKey': '', 'answerValue': 'complex', 'isRight': 1}, {'answerId': 81207, 'answerSeq': 0, 'answerKey': '', 'answerValue': 'challenging', 'isRight': 0}, {'answerId': 81208, 'answerSeq': 0, 'answerKey': '', 'answerValue': 'tangible', 'isRight': 0}]"
30233," Which of the following is the synonym of ""irrelevant"" in ""... one that leads Barbie into a real world that, for the most part, finds her either dangerous or irrelevant""? ",choice,"[{'answerId': 81209, 'answerSeq': 0, 'answerKey': '', 'answerValue': 'intimate', 'isRight': 0}, {'answerId': 81210, 'answerSeq': 0, 'answerKey': '', 'answerValue': 'familiar', 'isRight': 0}, {'answerId': 81211, 'answerSeq': 0, 'answerKey': '', 'answerValue': 'unrelated', 'isRight': 1}, {'answerId': 81212, 'answerSeq': 0, 'answerKey': '', 'answerValue': 'acquainted', 'isRight': 0}]"
30233," What does ""debut"" mean in ""But Barbie's film debut also comes in the context of a much longer ...""? ",choice,"[{'answerId': 81213, 'answerSeq': 0, 'answerKey': '', 'answerValue': 'an opportunity or reason for doing something', 'isRight': 0}, {'answerId': 81214, 'answerSeq': 0, 'answerKey': '', 'answerValue': 'the force that causes things to happen without any known cause', 'isRight': 0}, {'answerId': 81215, 'answerSeq': 0, 'answerKey': '', 'answerValue': 'the level of possibility that something will happen', 'isRight': 0}, {'answerId': 81216, 'answerSeq': 0, 'answerKey': '', 'answerValue': 'the first public appearance of a product or service', 'isRight': 1}]"
30233," What does ""simultaneously"" mean in ""Barbie looms as simultaneously an unrealistically proportioned airhead and a striving Everywoman""? ",choice,"[{'answerId': 81217, 'answerSeq': 0, 'answerKey': '', 'answerValue': 'in a way that is directly connected or has a strong relationship', 'isRight': 0}, {'answerId': 81218, 'answerSeq': 0, 'answerKey': '', 'answerValue': 'happening or being done at exactly the same time', 'isRight': 1}, {'answerId': 81219, 'answerSeq': 0, 'answerKey': '', 'answerValue': 'used to mean that something is very likely', 'isRight': 0}, {'answerId': 81220, 'answerSeq': 0, 'answerKey': '', 'answerValue': 'close to something or someone in distance or time', 'isRight': 0}]"
30233," What does ""proportioned"" mean in ""Barbie looms as simultaneously an unrealistically proportioned airhead and a striving Everywoman""? ",choice,"[{'answerId': 81221, 'answerSeq': 0, 'answerKey': '', 'answerValue': 'not practical and having a lot of ideas that are not related to real life', 'isRight': 0}, {'answerId': 81222, 'answerSeq': 0, 'answerKey': '', 'answerValue': 'having parts of the size or shape that is described', 'isRight': 1}, {'answerId': 81223, 'answerSeq': 0, 'answerKey': '', 'answerValue': 'suitable for the situation in which something is used', 'isRight': 0}, {'answerId': 81224, 'answerSeq': 0, 'answerKey': '', 'answerValue': 'exciting and mysterious and having a strong effect on your emotions', 'isRight': 0}]"
30234,"Is the allergy tied ______ dairy products, for example? ",choice,"[{'answerId': 79993, 'answerSeq': 0, 'answerKey': 'A', 'answerValue': 'to', 'isRight': 1}, {'answerId': 79994, 'answerSeq': 1, 'answerKey': 'B', 'answerValue': 'in', 'isRight': 0}, {'answerId': 79995, 'answerSeq': 2, 'answerKey': 'C', 'answerValue': 'at', 'isRight': 0}, {'answerId': 79996, 'answerSeq': 3, 'answerKey': 'D', 'answerValue': 'of', 'isRight': 0}]"
30234,Mr Schulz dismissed fears that the world economy would dip ______ another recession.,choice,"[{'answerId': 79997, 'answerSeq': 0, 'answerKey': 'A', 'answerValue': 'for', 'isRight': 0}, {'answerId': 79998, 'answerSeq': 1, 'answerKey': 'B', 'answerValue': 'of', 'isRight': 0}, {'answerId': 79999, 'answerSeq': 2, 'answerKey': 'C', 'answerValue': 'in', 'isRight': 0}, {'answerId': 80000, 'answerSeq': 3, 'answerKey': 'D', 'answerValue': 'into', 'isRight': 1}]"
30234,I feel that I have benefited greatly ______ her wisdom.,choice,"[{'answerId': 80001, 'answerSeq': 0, 'answerKey': 'A', 'answerValue': 'in', 'isRight': 0}, {'answerId': 80002, 'answerSeq': 1, 'answerKey': 'B', 'answerValue': 'on', 'isRight': 0}, {'answerId': 80003, 'answerSeq': 2, 'answerKey': 'C', 'answerValue': 'from', 'isRight': 1}, {'answerId': 80004, 'answerSeq': 3, 'answerKey': 'D', 'answerValue': 'for', 'isRight': 0}]"
30234,The students mainly come from ______ families.,choice,"[{'answerId': 80005, 'answerSeq': 0, 'answerKey': 'A', 'answerValue': 'afflictive', 'isRight': 0}, {'answerId': 80006, 'answerSeq': 1, 'answerKey': 'B', 'answerValue': 'affective', 'isRight': 0}, {'answerId': 80007, 'answerSeq': 2, 'answerKey': 'C', 'answerValue': 'affluent', 'isRight': 1}, {'answerId': 80008, 'answerSeq': 3, 'answerKey': 'D', 'answerValue': 'affordable', 'isRight': 0}]"
30234,The committee pressed him to ______ more information. ,choice,"[{'answerId': 80009, 'answerSeq': 0, 'answerKey': 'A', 'answerValue': 'revert', 'isRight': 0}, {'answerId': 80010, 'answerSeq': 1, 'answerKey': 'B', 'answerValue': 'reveal', 'isRight': 1}, {'answerId': 80011, 'answerSeq': 2, 'answerKey': 'C', 'answerValue': 'revere', 'isRight': 0}, {'answerId': 80012, 'answerSeq': 3, 'answerKey': 'D', 'answerValue': 'revel', 'isRight': 0}]"
30234,"Which of the following can BEST replace ""launching"" in ""... launching a painful conversation about racial stereotyping in admissions""?",choice,"[{'answerId': 80013, 'answerSeq': 0, 'answerKey': 'A', 'answerValue': 'forcing', 'isRight': 0}, {'answerId': 80014, 'answerSeq': 1, 'answerKey': 'B', 'answerValue': 'triggering', 'isRight': 1}, {'answerId': 80015, 'answerSeq': 2, 'answerKey': 'C', 'answerValue': 'applying', 'isRight': 0}, {'answerId': 80016, 'answerSeq': 3, 'answerKey': 'D', 'answerValue': 'lying', 'isRight': 0}]"
30234,"Which of the following is the synonym of ""assuage"" in ""... the decision was unlikely to assuage doubts about the fairness of college admissions""? ",choice,"[{'answerId': 80017, 'answerSeq': 0, 'answerKey': 'A', 'answerValue': 'realize', 'isRight': 0}, {'answerId': 80018, 'answerSeq': 1, 'answerKey': 'B', 'answerValue': 'claim', 'isRight': 0}, {'answerId': 80019, 'answerSeq': 2, 'answerKey': 'C', 'answerValue': 'assume', 'isRight': 0}, {'answerId': 80020, 'answerSeq': 3, 'answerKey': 'D', 'answerValue': 'relieve', 'isRight': 1}]"
30234,"What does ""fad"" mean in ""'I think college admissions has really dipped into this fad of trauma dumping,' he said""? ",choice,"[{'answerId': 80021, 'answerSeq': 0, 'answerKey': 'A', 'answerValue': 'a disagreement, or the process of disagreeing', 'isRight': 0}, {'answerId': 80022, 'answerSeq': 1, 'answerKey': 'B', 'answerValue': 'a style, activity, or interest that is very popular for a short period of time', 'isRight': 1}, {'answerId': 80023, 'answerSeq': 2, 'answerKey': 'C', 'answerValue': 'loss of respect for or belief in someone or something', 'isRight': 0}, {'answerId': 80024, 'answerSeq': 3, 'answerKey': 'D', 'answerValue': 'a feeling of excitement, energy, and pleasure', 'isRight': 0}]"
30234,"What does ""dock"" mean in ""...  Asian Americans were docked on a personal rating, according to the lawsuit ...""? ",choice,"[{'answerId': 80025, 'answerSeq': 0, 'answerKey': 'A', 'answerValue': 'to keep something, especially money, for use in the future', 'isRight': 0}, {'answerId': 80026, 'answerSeq': 1, 'answerKey': 'B', 'answerValue': 'to put something into a liquid for a short time', 'isRight': 0}, {'answerId': 80027, 'answerSeq': 2, 'answerKey': 'C', 'answerValue': 'to remove part of something', 'isRight': 1}, {'answerId': 80028, 'answerSeq': 3, 'answerKey': 'D', 'answerValue': 'to not have or do something enjoyable', 'isRight': 0}]"
30234,"What does ""trauma"" mean in ""'I think college admissions has really dipped into this fad of trauma dumping,' he said""? ",choice,"[{'answerId': 80029, 'answerSeq': 0, 'answerKey': 'A', 'answerValue': 'the power to be interesting and have a strong effect on people', 'isRight': 0}, {'answerId': 80030, 'answerSeq': 1, 'answerKey': 'B', 'answerValue': 'a request to the public for money, information, or help', 'isRight': 0}, {'answerId': 80031, 'answerSeq': 2, 'answerKey': 'C', 'answerValue': 'a thought or belief about something or someone', 'isRight': 0}, {'answerId': 80032, 'answerSeq': 3, 'answerKey': 'D', 'answerValue': 'severe emotional shock and pain caused by an extremely upsetting experience', 'isRight': 1}]"
30235, She is best known ______ her work on the human brain. ,choice,"[{'answerId': 79913, 'answerSeq': 0, 'answerKey': 'A', 'answerValue': 'in', 'isRight': 0}, {'answerId': 79914, 'answerSeq': 1, 'answerKey': 'B', 'answerValue': 'off', 'isRight': 0}, {'answerId': 79915, 'answerSeq': 2, 'answerKey': 'C', 'answerValue': 'for', 'isRight': 1}, {'answerId': 79916, 'answerSeq': 3, 'answerKey': 'D', 'answerValue': 'from', 'isRight': 0}]"
30235, Dieters suffer ______ violent mood swings. ,choice,"[{'answerId': 79917, 'answerSeq': 0, 'answerKey': 'A', 'answerValue': 'in', 'isRight': 0}, {'answerId': 79918, 'answerSeq': 1, 'answerKey': 'B', 'answerValue': 'for', 'isRight': 0}, {'answerId': 79919, 'answerSeq': 2, 'answerKey': 'C', 'answerValue': 'from', 'isRight': 1}, {'answerId': 79920, 'answerSeq': 3, 'answerKey': 'D', 'answerValue': 'upon', 'isRight': 0}]"
30235, The hotel combines comfort ______ convenience. ,choice,"[{'answerId': 79921, 'answerSeq': 0, 'answerKey': 'A', 'answerValue': 'in', 'isRight': 0}, {'answerId': 79922, 'answerSeq': 1, 'answerKey': 'B', 'answerValue': 'at', 'isRight': 0}, {'answerId': 79923, 'answerSeq': 2, 'answerKey': 'C', 'answerValue': 'from', 'isRight': 0}, {'answerId': 79924, 'answerSeq': 3, 'answerKey': 'D', 'answerValue': 'with', 'isRight': 1}]"
30235," Which of the following can BEST replace ""deteriorated"" in ""Coco had been suffering from depression for a few years but her condition deteriorated drastically over the last few months ...""? ",choice,"[{'answerId': 79925, 'answerSeq': 0, 'answerKey': 'A', 'answerValue': 'defeated', 'isRight': 0}, {'answerId': 79926, 'answerSeq': 1, 'answerKey': 'B', 'answerValue': 'declined', 'isRight': 1}, {'answerId': 79927, 'answerSeq': 2, 'answerKey': 'C', 'answerValue': 'delivered', 'isRight': 0}, {'answerId': 79928, 'answerSeq': 3, 'answerKey': 'D', 'answerValue': 'defended', 'isRight': 0}]"
30235," Which of the following can BEST replace ""incredibly"" in ""In a post to her social media at the end of 2022, Ms. Lee acknowledged having had an 'incredibly difficult year' but encouraged her followers to spread positivity ...""? ",choice,"[{'answerId': 79929, 'answerSeq': 0, 'answerKey': 'A', 'answerValue': 'extremely', 'isRight': 1}, {'answerId': 79930, 'answerSeq': 1, 'answerKey': 'B', 'answerValue': 'commonly', 'isRight': 0}, {'answerId': 79931, 'answerSeq': 2, 'answerKey': 'C', 'answerValue': 'frequently', 'isRight': 0}, {'answerId': 79932, 'answerSeq': 3, 'answerKey': 'D', 'answerValue': 'regularly', 'isRight': 0}]"
30235," What does ""stunningly"" mean in ""... the magic of this stunningly beautiful film is truly realized in this evocative love ballad ...""? ",choice,"[{'answerId': 79933, 'answerSeq': 0, 'answerKey': 'A', 'answerValue': 'used to express what you hope will happen', 'isRight': 0}, {'answerId': 79934, 'answerSeq': 1, 'answerKey': 'B', 'answerValue': 'in a way that shows that you feel sure about your own ability', 'isRight': 0}, {'answerId': 79935, 'answerSeq': 2, 'answerKey': 'C', 'answerValue': 'in a way that shows you feel certain that something will happen', 'isRight': 0}, {'answerId': 79936, 'answerSeq': 3, 'answerKey': 'D', 'answerValue': 'in a way that is extremely surprising or impressive', 'isRight': 1}]"
30235," Which of the following has the word ""color"" with the same meaning as that in ""Combining the flavor and texture of Eastern music with the orchestral color and sensitive lyrics of Western culture ...""? ",choice,"[{'answerId': 79937, 'answerSeq': 0, 'answerKey': 'A', 'answerValue': 'He could feel the color rising in his cheeks.', 'isRight': 0}, {'answerId': 79938, 'answerSeq': 1, 'answerKey': 'B', 'answerValue': 'The book includes over 100 photographs in color.', 'isRight': 0}, {'answerId': 79939, 'answerSeq': 2, 'answerKey': 'C', 'answerValue': 'Her comments added color to the broadcast.', 'isRight': 1}, {'answerId': 79940, 'answerSeq': 3, 'answerKey': 'D', 'answerValue': 'He seemed nice at first, but he showed his true colors during the crisis.', 'isRight': 0}]"
30235," What does ""drastically"" mean in ""Coco had been suffering from depression for a few years but her condition deteriorated drastically over the last few months ...""? ",choice,"[{'answerId': 79941, 'answerSeq': 0, 'answerKey': 'A', 'answerValue': 'used when you are saying what the facts of a situation are', 'isRight': 0}, {'answerId': 79942, 'answerSeq': 1, 'answerKey': 'B', 'answerValue': 'in a way that produces the intended result or a successful result', 'isRight': 0}, {'answerId': 79943, 'answerSeq': 2, 'answerKey': 'C', 'answerValue': 'in a way that is not finished or does not have everything that it should', 'isRight': 0}, {'answerId': 79944, 'answerSeq': 3, 'answerKey': 'D', 'answerValue': 'in an extreme way that has a sudden, serious or violent effect on something', 'isRight': 1}]"
30235," Which of the following has the word ""realize"" with the same meaning as that in ""... the magic of this stunningly beautiful film is truly realized in this evocative love ballad ...""? ",choice,"[{'answerId': 79945, 'answerSeq': 0, 'answerKey': 'A', 'answerValue': 'The stage designs have been beautifully realized.', 'isRight': 1}, {'answerId': 79946, 'answerSeq': 1, 'answerKey': 'B', 'answerValue': 'The paintings are expected to realize $500,000 each.', 'isRight': 0}, {'answerId': 79947, 'answerSeq': 2, 'answerKey': 'C', 'answerValue': 'He had to realize all his assets to pay off his debts.', 'isRight': 0}, {'answerId': 79948, 'answerSeq': 3, 'answerKey': 'D', 'answerValue': ""As he watched the TV show, he suddenly realized that he'd seen it before."", 'isRight': 0}]"
30235," What does ""evocative"" mean in ""... the magic of this stunningly beautiful film is truly realized in this evocative love ballad ...""? ",choice,"[{'answerId': 79949, 'answerSeq': 0, 'answerKey': 'A', 'answerValue': 'having qualities that you admire and respect', 'isRight': 0}, {'answerId': 79950, 'answerSeq': 1, 'answerKey': 'B', 'answerValue': 'very interesting because of being unusual or not having an obvious answer', 'isRight': 0}, {'answerId': 79951, 'answerSeq': 2, 'answerKey': 'C', 'answerValue': 'making you think of or remember a strong image or feeling, in a pleasant way', 'isRight': 1}, {'answerId': 79952, 'answerSeq': 3, 'answerKey': 'D', 'answerValue': 'covering a large subject area, rather than trying to be exact and use few words', 'isRight': 0}]"
30236,Coal power stations release sulphur dioxide ______ the atmosphere.,choice,"[{'answerId': 79353, 'answerSeq': 0, 'answerKey': '', 'answerValue': 'for', 'isRight': 0}, {'answerId': 79354, 'answerSeq': 0, 'answerKey': '', 'answerValue': 'with', 'isRight': 0}, {'answerId': 79355, 'answerSeq': 0, 'answerKey': '', 'answerValue': 'of', 'isRight': 0}, {'answerId': 79356, 'answerSeq': 0, 'answerKey': '', 'answerValue': 'into', 'isRight': 1}]"
30236,The virus can be transmitted by food containing ______ meat.,choice,"[{'answerId': 79357, 'answerSeq': 0, 'answerKey': '', 'answerValue': 'contradicted', 'isRight': 0}, {'answerId': 79358, 'answerSeq': 0, 'answerKey': '', 'answerValue': 'contributed', 'isRight': 0}, {'answerId': 79359, 'answerSeq': 0, 'answerKey': '', 'answerValue': 'contaminated', 'isRight': 1}, {'answerId': 79360, 'answerSeq': 0, 'answerKey': '', 'answerValue': 'contracted', 'isRight': 0}]"
30236,"Which of the following can BEST replace ""oppose"" in ""... Seoul strongly opposed Tokyo's plan to release the contaminated water""?",choice,"[{'answerId': 79361, 'answerSeq': 0, 'answerKey': '', 'answerValue': 'display', 'isRight': 0}, {'answerId': 79362, 'answerSeq': 0, 'answerKey': '', 'answerValue': 'object', 'isRight': 1}, {'answerId': 79363, 'answerSeq': 0, 'answerKey': '', 'answerValue': 'release', 'isRight': 0}, {'answerId': 79364, 'answerSeq': 0, 'answerKey': '', 'answerValue': 'claim', 'isRight': 0}]"
30236,"Which of the following has the word ""discharge"" with the same meaning as that in ""... saying he would be willing to drink water discharged from Japan's Fukushima Daiichi nuclear power plant if it met international standards""? ",choice,"[{'answerId': 79365, 'answerSeq': 0, 'answerKey': '', 'answerValue': 'More than half of all prisoners discharged are reconvicted within two years.', 'isRight': 0}, {'answerId': 79366, 'answerSeq': 0, 'answerKey': '', 'answerValue': 'The police stated that some 50 rounds had been discharged.', 'isRight': 0}, {'answerId': 79367, 'answerSeq': 0, 'answerKey': '', 'answerValue': 'Large amounts of dangerous waste are discharged daily by the factory.', 'isRight': 1}, {'answerId': 79368, 'answerSeq': 0, 'answerKey': '', 'answerValue': 'The city must discharge its legal duty to house the homeless.', 'isRight': 0}]"
30236,"What does ""backlash"" mean in ""But he has faced a political backlash and skepticism among much of the public""? ",choice,"[{'answerId': 79369, 'answerSeq': 0, 'answerKey': '', 'answerValue': 'the set of things that are happening and the conditions that exist at a particular time and place', 'isRight': 0}, {'answerId': 79370, 'answerSeq': 0, 'answerKey': '', 'answerValue': 'a strong feeling among a group of people in reaction to a change or recent events in society or politics', 'isRight': 1}, {'answerId': 79371, 'answerSeq': 0, 'answerKey': '', 'answerValue': 'a fact or situation that is the reason for something bad happening', 'isRight': 0}, {'answerId': 79372, 'answerSeq': 0, 'answerKey': '', 'answerValue': 'the particular type of character that a person seems to have and that is often different from their real or private character', 'isRight': 0}]"
30236,"Which of the following can BEST replace ""declaration"" in ""The declaration by Han Duck-soo during a parliamentary session came as a debate rages ...""?",choice,"[{'answerId': 79373, 'answerSeq': 0, 'answerKey': '', 'answerValue': 'integration', 'isRight': 0}, {'answerId': 79374, 'answerSeq': 0, 'answerKey': '', 'answerValue': 'announcement', 'isRight': 1}, {'answerId': 79375, 'answerSeq': 0, 'answerKey': '', 'answerValue': 'advice', 'isRight': 0}, {'answerId': 79376, 'answerSeq': 0, 'answerKey': '', 'answerValue': 'punishment', 'isRight': 0}]"
30236,"Which of the following is the synonym of ""dispute"" in ""... because of longstanding historical disputes and the deepening political polarization ...""? ",choice,"[{'answerId': 79377, 'answerSeq': 0, 'answerKey': '', 'answerValue': 'access', 'isRight': 0}, {'answerId': 79378, 'answerSeq': 0, 'answerKey': '', 'answerValue': 'conviction', 'isRight': 0}, {'answerId': 79379, 'answerSeq': 0, 'answerKey': '', 'answerValue': 'sympathy', 'isRight': 0}, {'answerId': 79380, 'answerSeq': 0, 'answerKey': '', 'answerValue': 'argument', 'isRight': 1}]"
30236,"Which of the following is the synonym of ""divide"" in ""In South Korea, differing views frequently reflect a political divide""? ",choice,"[{'answerId': 79381, 'answerSeq': 0, 'answerKey': '', 'answerValue': 'symbol', 'isRight': 0}, {'answerId': 79382, 'answerSeq': 0, 'answerKey': '', 'answerValue': 'difference', 'isRight': 1}, {'answerId': 79383, 'answerSeq': 0, 'answerKey': '', 'answerValue': 'dilation', 'isRight': 0}, {'answerId': 79384, 'answerSeq': 0, 'answerKey': '', 'answerValue': 'reality', 'isRight': 0}]"
30236,"What does ""sway"" mean in ""The current administration in Seoul isn't likely to be swayed by the public pressure over the issue""? ",choice,"[{'answerId': 79385, 'answerSeq': 0, 'answerKey': '', 'answerValue': 'to feel that something or someone is bad, wrong, etc.', 'isRight': 0}, {'answerId': 79386, 'answerSeq': 0, 'answerKey': '', 'answerValue': 'to contain something as a part of something else', 'isRight': 0}, {'answerId': 79387, 'answerSeq': 0, 'answerKey': '', 'answerValue': 'to persuade someone to believe or do one thing rather than another', 'isRight': 1}, {'answerId': 79388, 'answerSeq': 0, 'answerKey': '', 'answerValue': 'to make a continuous, low sound such as the one a bee makes', 'isRight': 0}]"
30236,"What does ""thaw"" mean in ""Despite the thaw in relations, South Korea said its ban on Fukushima seafood imports would remain in place for now""? ",choice,"[{'answerId': 79389, 'answerSeq': 0, 'answerKey': '', 'answerValue': 'an increase in friendliness', 'isRight': 1}, {'answerId': 79390, 'answerSeq': 0, 'answerKey': '', 'answerValue': 'a forceful hit with a fist', 'isRight': 0}, {'answerId': 79391, 'answerSeq': 0, 'answerKey': '', 'answerValue': 'a disagreement, or the process of disagreeing', 'isRight': 0}, {'answerId': 79392, 'answerSeq': 0, 'answerKey': '', 'answerValue': 'a different route that is used because a road is closed', 'isRight': 0}]"
30237, Let's get down to the ______ and potatoes. How much are you going to pay me for this?,choice,"[{'answerId': 78793, 'answerSeq': 0, 'answerKey': '', 'answerValue': 'mean', 'isRight': 0}, {'answerId': 78794, 'answerSeq': 0, 'answerKey': '', 'answerValue': 'meet', 'isRight': 0}, {'answerId': 78795, 'answerSeq': 0, 'answerKey': '', 'answerValue': 'meat', 'isRight': 1}, {'answerId': 78796, 'answerSeq': 0, 'answerKey': '', 'answerValue': 'menu', 'isRight': 0}]"
30237, These plans need to be fleshed ______ with some more figures.,choice,"[{'answerId': 78797, 'answerSeq': 0, 'answerKey': '', 'answerValue': 'off', 'isRight': 0}, {'answerId': 78798, 'answerSeq': 0, 'answerKey': '', 'answerValue': 'out', 'isRight': 1}, {'answerId': 78799, 'answerSeq': 0, 'answerKey': '', 'answerValue': 'over', 'isRight': 0}, {'answerId': 78800, 'answerSeq': 0, 'answerKey': '', 'answerValue': 'up', 'isRight': 0}]"
30237, She lost the election by a ______ 20 votes.,choice,"[{'answerId': 78801, 'answerSeq': 0, 'answerKey': '', 'answerValue': 'main', 'isRight': 0}, {'answerId': 78802, 'answerSeq': 0, 'answerKey': '', 'answerValue': 'medical', 'isRight': 0}, {'answerId': 78803, 'answerSeq': 0, 'answerKey': '', 'answerValue': 'mere', 'isRight': 1}, {'answerId': 78804, 'answerSeq': 0, 'answerKey': '', 'answerValue': 'mild', 'isRight': 0}]"
30237, I'm nowhere ______ finishing the book - I'm only half-way through it.,choice,"[{'answerId': 78805, 'answerSeq': 0, 'answerKey': '', 'answerValue': 'near', 'isRight': 1}, {'answerId': 78806, 'answerSeq': 0, 'answerKey': '', 'answerValue': 'around', 'isRight': 0}, {'answerId': 78807, 'answerSeq': 0, 'answerKey': '', 'answerValue': 'from', 'isRight': 0}, {'answerId': 78808, 'answerSeq': 0, 'answerKey': '', 'answerValue': 'away', 'isRight': 0}]"
30237," ______ theory, more competition means lower prices for consumers.",choice,"[{'answerId': 78809, 'answerSeq': 0, 'answerKey': '', 'answerValue': 'Of', 'isRight': 0}, {'answerId': 78810, 'answerSeq': 0, 'answerKey': '', 'answerValue': 'In', 'isRight': 1}, {'answerId': 78811, 'answerSeq': 0, 'answerKey': '', 'answerValue': 'To', 'isRight': 0}, {'answerId': 78812, 'answerSeq': 0, 'answerKey': '', 'answerValue': 'At', 'isRight': 0}]"
30237," What does ""what do you know"" mean in ""... it smells like chicken, what do you know, it tastes like chicken""? ",choice,"[{'answerId': 78813, 'answerSeq': 0, 'answerKey': '', 'answerValue': 'to keep happening, existing, or doing something', 'isRight': 0}, {'answerId': 78814, 'answerSeq': 0, 'answerKey': '', 'answerValue': 'to be able to understand how someone else feels', 'isRight': 0}, {'answerId': 78815, 'answerSeq': 0, 'answerKey': '', 'answerValue': 'to show that something is very important or worth giving attention to', 'isRight': 0}, {'answerId': 78816, 'answerSeq': 0, 'answerKey': '', 'answerValue': 'to show surprise when discovering something new or unexpected', 'isRight': 1}]"
30237," What does ""mere"" mean in ""Ever since the first lab-grown burger - which cost a mere $330,000  to create ... dozens of companies ...""? ",choice,"[{'answerId': 78817, 'answerSeq': 0, 'answerKey': '', 'answerValue': 'changing slowly over a long period of time or distance', 'isRight': 0}, {'answerId': 78818, 'answerSeq': 0, 'answerKey': '', 'answerValue': 'existing or happening repeatedly in a fixed pattern', 'isRight': 0}, {'answerId': 78819, 'answerSeq': 0, 'answerKey': '', 'answerValue': 'not different or special or unexpected in any way', 'isRight': 0}, {'answerId': 78820, 'answerSeq': 0, 'answerKey': '', 'answerValue': 'used to emphasize that something is not large or important', 'isRight': 1}]"
30237," Which of the following is the synonym of ""literally"" in ""Unlike plant-based substitutes, cultivated meat is literally meat""? ",choice,"[{'answerId': 78821, 'answerSeq': 0, 'answerKey': '', 'answerValue': 'lyingly', 'isRight': 0}, {'answerId': 78822, 'answerSeq': 0, 'answerKey': '', 'answerValue': 'falsely', 'isRight': 0}, {'answerId': 78823, 'answerSeq': 0, 'answerKey': '', 'answerValue': 'truly', 'isRight': 1}, {'answerId': 78824, 'answerSeq': 0, 'answerKey': '', 'answerValue': 'ideally', 'isRight': 0}]"
30237," What does ""give the green light"" mean in ""... Singapore - the only country in the world to allow lab-grown meat to be sold - gave its chicken the green light ...? ",choice,"[{'answerId': 78825, 'answerSeq': 0, 'answerKey': '', 'answerValue': 'to go to another place, usually in a group of people', 'isRight': 0}, {'answerId': 78826, 'answerSeq': 0, 'answerKey': '', 'answerValue': 'to finish doing something that you do regularly or as a habit', 'isRight': 0}, {'answerId': 78827, 'answerSeq': 0, 'answerKey': '', 'answerValue': 'to try to do something difficult', 'isRight': 0}, {'answerId': 78828, 'answerSeq': 0, 'answerKey': '', 'answerValue': 'to allow a project, plan etc to begin', 'isRight': 1}]"
30237," What does ""cancel out any benefits"" mean in ""... the advanced technology needed to create cultivated meat is so energy intensive that it cancels out any benefits""? ",choice,"[{'answerId': 78829, 'answerSeq': 0, 'answerKey': 'A', 'answerValue': 'to consider something or someone as satisfactory', 'isRight': 0}, {'answerId': 78830, 'answerSeq': 1, 'answerKey': 'B', 'answerValue': 'to think that something is true, correct, or real', 'isRight': 0}, {'answerId': 78831, 'answerSeq': 2, 'answerKey': 'C', 'answerValue': 'to remove the positive effects or advantages of something', 'isRight': 1}, {'answerId': 78832, 'answerSeq': 3, 'answerKey': 'D', 'answerValue': 'to know someone or something because you have seen', 'isRight': 0}]"
30238," ______ a way, what we call fear and anxiety are manifestations of our consciousness. ",choice,"[{'answerId': 78597, 'answerSeq': 0, 'answerKey': '', 'answerValue': 'At', 'isRight': 0}, {'answerId': 78598, 'answerSeq': 0, 'answerKey': '', 'answerValue': 'In', 'isRight': 1}, {'answerId': 78599, 'answerSeq': 0, 'answerKey': '', 'answerValue': 'On', 'isRight': 0}, {'answerId': 78600, 'answerSeq': 0, 'answerKey': '', 'answerValue': 'For', 'isRight': 0}]"
30238," We found over 200 proteins, many of which are not ______ the radar for malaria vaccines. ",choice,"[{'answerId': 78601, 'answerSeq': 0, 'answerKey': '', 'answerValue': 'on', 'isRight': 1}, {'answerId': 78602, 'answerSeq': 0, 'answerKey': '', 'answerValue': 'for', 'isRight': 0}, {'answerId': 78603, 'answerSeq': 0, 'answerKey': '', 'answerValue': 'with', 'isRight': 0}, {'answerId': 78604, 'answerSeq': 0, 'answerKey': '', 'answerValue': 'from', 'isRight': 0}]"
30238, He's quite capable ______ lying to get out of trouble. ,choice,"[{'answerId': 78605, 'answerSeq': 0, 'answerKey': '', 'answerValue': 'in', 'isRight': 0}, {'answerId': 78606, 'answerSeq': 0, 'answerKey': '', 'answerValue': 'for', 'isRight': 0}, {'answerId': 78607, 'answerSeq': 0, 'answerKey': '', 'answerValue': 'of', 'isRight': 1}, {'answerId': 78608, 'answerSeq': 0, 'answerKey': '', 'answerValue': 'from', 'isRight': 0}]"
30238, I was excited ______ the possibility of playing football again. ,choice,"[{'answerId': 78609, 'answerSeq': 0, 'answerKey': 'A', 'answerValue': 'off', 'isRight': 0}, {'answerId': 78610, 'answerSeq': 1, 'answerKey': 'B', 'answerValue': 'from', 'isRight': 0}, {'answerId': 78611, 'answerSeq': 2, 'answerKey': 'C', 'answerValue': 'about', 'isRight': 1}, {'answerId': 78612, 'answerSeq': 3, 'answerKey': 'D', 'answerValue': 'within', 'isRight': 0}]"
30238, To break your promise to him would be ______ to betraying your friendship. ,choice,"[{'answerId': 78613, 'answerSeq': 0, 'answerKey': '', 'answerValue': 'afraid', 'isRight': 0}, {'answerId': 78614, 'answerSeq': 0, 'answerKey': '', 'answerValue': 'akin', 'isRight': 1}, {'answerId': 78615, 'answerSeq': 0, 'answerKey': '', 'answerValue': 'alone', 'isRight': 0}, {'answerId': 78616, 'answerSeq': 0, 'answerKey': '', 'answerValue': 'apart', 'isRight': 0}]"
30238," Which of the following can BEST replace ""generate"" in ""'It's going to generate excitement,' said Jay Ferro, executive vice president at Clario, of the Apple announcement ...""? ",choice,"[{'answerId': 78617, 'answerSeq': 0, 'answerKey': '', 'answerValue': 'create', 'isRight': 1}, {'answerId': 78618, 'answerSeq': 0, 'answerKey': '', 'answerValue': 'prevent', 'isRight': 0}, {'answerId': 78619, 'answerSeq': 0, 'answerKey': '', 'answerValue': 'moderate', 'isRight': 0}, {'answerId': 78620, 'answerSeq': 0, 'answerKey': '', 'answerValue': 'modify', 'isRight': 0}]"
30238," What does ""overwhelmingly"" mean in ""Business interest in the technology remains overwhelmingly mediocre ...""? ",choice,"[{'answerId': 78621, 'answerSeq': 0, 'answerKey': '', 'answerValue': 'in a way that does not involve a war, violence or argument', 'isRight': 0}, {'answerId': 78622, 'answerSeq': 0, 'answerKey': '', 'answerValue': 'in a way that is so powerful that you cannot resist it or decide how to react', 'isRight': 1}, {'answerId': 78623, 'answerSeq': 0, 'answerKey': '', 'answerValue': 'in a way that is soft and light, not strong, extreme or violent', 'isRight': 0}, {'answerId': 78624, 'answerSeq': 0, 'answerKey': '', 'answerValue': 'in a way that shows strong feelings; with a lot of activity or determination', 'isRight': 0}]"
30238," What does ""priority"" mean in ""Goodyear Tire & Rubber Senior Vice President Chris Helsel says that among his top 10 priorities, it¡¯s probably 10th""? ",choice,"[{'answerId': 78625, 'answerSeq': 0, 'answerKey': '', 'answerValue': 'an object or objects that belong to someone', 'isRight': 0}, {'answerId': 78626, 'answerSeq': 0, 'answerKey': '', 'answerValue': 'the state of not being as good as somebody/something else', 'isRight': 0}, {'answerId': 78627, 'answerSeq': 0, 'answerKey': '', 'answerValue': ' a quality in a substance or material, especially one that means that it can be used in a particular way', 'isRight': 0}, {'answerId': 78628, 'answerSeq': 0, 'answerKey': '', 'answerValue': 'something that is very important and must be dealt with before other things', 'isRight': 1}]"
30238," What does ""mediocre"" mean in ""Business interest in the technology remains overwhelmingly mediocre ...""? ",choice,"[{'answerId': 78629, 'answerSeq': 0, 'answerKey': '', 'answerValue': 'socially acceptable or good', 'isRight': 0}, {'answerId': 78630, 'answerSeq': 0, 'answerKey': '', 'answerValue': 'not very good; of only average standard', 'isRight': 1}, {'answerId': 78631, 'answerSeq': 0, 'answerKey': '', 'answerValue': 'acceptable to people in a particular situation', 'isRight': 0}, {'answerId': 78632, 'answerSeq': 0, 'answerKey': '', 'answerValue': 'avoiding behavior that goes beyond what is normal, healthy, or acceptable', 'isRight': 0}]"
30238," Which of the following has the word ""project"" with the same meaning as that in ""... including an ability to project a screen akin to a modern desktop in a way that could replace a computer monitor""? ",choice,"[{'answerId': 78633, 'answerSeq': 0, 'answerKey': '', 'answerValue': ""They projected the digital image onto the model's surface."", 'isRight': 1}, {'answerId': 78634, 'answerSeq': 0, 'answerKey': '', 'answerValue': 'He projected himself as a man worth listening to.', 'isRight': 0}, {'answerId': 78635, 'answerSeq': 0, 'answerKey': '', 'answerValue': 'The hotel dining room projects out over the water.', 'isRight': 0}, {'answerId': 78636, 'answerSeq': 0, 'answerKey': '', 'answerValue': 'Government spending is projected to rise by three percent next year.', 'isRight': 0}]"
30239,The stock is set ______ begin trading on Thursday.,choice,"[{'answerId': 77757, 'answerSeq': 0, 'answerKey': 'A', 'answerValue': 'in', 'isRight': 0}, {'answerId': 77758, 'answerSeq': 1, 'answerKey': 'B', 'answerValue': 'up', 'isRight': 0}, {'answerId': 77759, 'answerSeq': 2, 'answerKey': 'C', 'answerValue': 'to', 'isRight': 1}, {'answerId': 77760, 'answerSeq': 3, 'answerKey': 'D', 'answerValue': 'at', 'isRight': 0}]"
30239,We stay ______ close touch with the New York office.,choice,"[{'answerId': 77761, 'answerSeq': 0, 'answerKey': 'A', 'answerValue': 'at', 'isRight': 0}, {'answerId': 77762, 'answerSeq': 1, 'answerKey': 'B', 'answerValue': 'in', 'isRight': 1}, {'answerId': 77763, 'answerSeq': 2, 'answerKey': 'C', 'answerValue': 'on', 'isRight': 0}, {'answerId': 77764, 'answerSeq': 3, 'answerKey': 'D', 'answerValue': 'of', 'isRight': 0}]"
30239,Vitamin C may help protect ______ cancer.,choice,"[{'answerId': 77765, 'answerSeq': 0, 'answerKey': 'A', 'answerValue': 'off', 'isRight': 0}, {'answerId': 77766, 'answerSeq': 1, 'answerKey': 'B', 'answerValue': 'against', 'isRight': 1}, {'answerId': 77767, 'answerSeq': 2, 'answerKey': 'C', 'answerValue': 'down', 'isRight': 0}, {'answerId': 77768, 'answerSeq': 3, 'answerKey': 'D', 'answerValue': 'with', 'isRight': 0}]"
30239,The only ______ to the village is by boat.,choice,"[{'answerId': 77769, 'answerSeq': 0, 'answerKey': 'A', 'answerValue': 'accession', 'isRight': 0}, {'answerId': 77770, 'answerSeq': 1, 'answerKey': 'B', 'answerValue': 'account', 'isRight': 0}, {'answerId': 77771, 'answerSeq': 2, 'answerKey': 'C', 'answerValue': 'accent', 'isRight': 0}, {'answerId': 77772, 'answerSeq': 3, 'answerKey': 'D', 'answerValue': 'access', 'isRight': 1}]"
30239,"Which of the following has the word ""run"" with the same meaning as that in ""DeSantis Set to Announce 2024 Run on Twitter With Elon Musk""? ",choice,"[{'answerId': 77773, 'answerSeq': 0, 'answerKey': 'A', 'answerValue': ""There's been a run on umbrellas because of all this rain."", 'isRight': 0}, {'answerId': 77774, 'answerSeq': 1, 'answerKey': 'B', 'answerValue': 'We go for a three-mile run every evening after work.', 'isRight': 0}, {'answerId': 77775, 'answerSeq': 2, 'answerKey': 'C', 'answerValue': 'He made an unsuccessful run for governor in 2005.', 'isRight': 1}, {'answerId': 77776, 'answerSeq': 3, 'answerKey': 'D', 'answerValue': 'The number of aircraft on the New York-Moscow run is being increased.', 'isRight': 0}]"
30239,"Which of the following can BEST replace ""expected"" in ""Mr. DeSantis's entry into the Republican primary race against former President Donald J. Trump has been widely expected ...""?",choice,"[{'answerId': 77777, 'answerSeq': 0, 'answerKey': 'A', 'answerValue': 'anticipated', 'isRight': 1}, {'answerId': 77778, 'answerSeq': 1, 'answerKey': 'B', 'answerValue': 'claimed', 'isRight': 0}, {'answerId': 77779, 'answerSeq': 2, 'answerKey': 'C', 'answerValue': 'highlighted', 'isRight': 0}, {'answerId': 77780, 'answerSeq': 3, 'answerKey': 'D', 'answerValue': 'supposed', 'isRight': 0}]"
30239,"Which of the following can BEST replace ""likened"" in ""... which he has likened to an assault on free speech and truth undertaken in concert with government officials.""?",choice,"[{'answerId': 77781, 'answerSeq': 0, 'answerKey': 'A', 'answerValue': 'effected', 'isRight': 0}, {'answerId': 77782, 'answerSeq': 1, 'answerKey': 'B', 'answerValue': 'contacted', 'isRight': 0}, {'answerId': 77783, 'answerSeq': 2, 'answerKey': 'C', 'answerValue': 'showed', 'isRight': 0}, {'answerId': 77784, 'answerSeq': 3, 'answerKey': 'D', 'answerValue': 'compared', 'isRight': 1}]"
30239,"What does ""pending"" mean in ""... a clear foreshadowing of his pending announcement""? ",choice,"[{'answerId': 77785, 'answerSeq': 0, 'answerKey': 'A', 'answerValue': 'able to do things effectively and skilfully, and to achieve results', 'isRight': 0}, {'answerId': 77786, 'answerSeq': 1, 'answerKey': 'B', 'answerValue': 'about to happen or waiting to happen', 'isRight': 1}, {'answerId': 77787, 'answerSeq': 2, 'answerKey': 'C', 'answerValue': 'from, existing in, serving, or responsible for a small area, especially of a country', 'isRight': 0}, {'answerId': 77788, 'answerSeq': 3, 'answerKey': 'D', 'answerValue': 'needing careful treatment, especially because easily damaged', 'isRight': 0}]"
30239,"What does ""intone"" mean in ""'They call it faith because in the face of darkness you can see that brighter future,' a narrator intones""? ",choice,"[{'answerId': 77789, 'answerSeq': 0, 'answerKey': 'A', 'answerValue': 'to show or tell someone that something is wrong and to make it right', 'isRight': 0}, {'answerId': 77790, 'answerSeq': 1, 'answerKey': 'B', 'answerValue': 'to breathe air, smoke, or gas into your lungs', 'isRight': 0}, {'answerId': 77791, 'answerSeq': 2, 'answerKey': 'C', 'answerValue': 'to watch a person or activity to make certain that everything is done correctly, safely, etc', 'isRight': 0}, {'answerId': 77792, 'answerSeq': 3, 'answerKey': 'D', 'answerValue': 'to say something slowly and seriously in a voice that does not rise or fall much', 'isRight': 1}]"
30239,"What does ""elite"" mean in ""... Mr. DeSantis has supported legislation intended, in his words, to protect people against 'Silicon Valley elites'""? ",choice,"[{'answerId': 77793, 'answerSeq': 0, 'answerKey': 'A', 'answerValue': 'a method or way of doing something', 'isRight': 0}, {'answerId': 77794, 'answerSeq': 1, 'answerKey': 'B', 'answerValue': 'the richest, most powerful, best-educated, or best-trained group in a society', 'isRight': 1}, {'answerId': 77795, 'answerSeq': 2, 'answerKey': 'C', 'answerValue': 'a request to the public for money, information, or help', 'isRight': 0}, {'answerId': 77796, 'answerSeq': 3, 'answerKey': 'D', 'answerValue': 'a thought or belief about something or someone', 'isRight': 0}]"
30240, It's hardly surprising that tourists flock ______ see the area. ,choice,"[{'answerId': 77717, 'answerSeq': 0, 'answerKey': 'A', 'answerValue': 'to', 'isRight': 1}, {'answerId': 77718, 'answerSeq': 1, 'answerKey': 'B', 'answerValue': 'at', 'isRight': 0}, {'answerId': 77719, 'answerSeq': 2, 'answerKey': 'C', 'answerValue': 'in', 'isRight': 0}, {'answerId': 77720, 'answerSeq': 3, 'answerKey': 'D', 'answerValue': 'on', 'isRight': 0}]"
30240, Her career took ______ after she won an Oscar for best supporting actress. ,choice,"[{'answerId': 77721, 'answerSeq': 0, 'answerKey': 'A', 'answerValue': 'at', 'isRight': 0}, {'answerId': 77722, 'answerSeq': 1, 'answerKey': 'B', 'answerValue': 'for', 'isRight': 0}, {'answerId': 77723, 'answerSeq': 2, 'answerKey': 'C', 'answerValue': 'off', 'isRight': 1}, {'answerId': 77724, 'answerSeq': 3, 'answerKey': 'D', 'answerValue': 'from', 'isRight': 0}]"
30240, In one year she turned from a problem child ______ a model student. ,choice,"[{'answerId': 77725, 'answerSeq': 0, 'answerKey': 'A', 'answerValue': 'as', 'isRight': 0}, {'answerId': 77726, 'answerSeq': 1, 'answerKey': 'B', 'answerValue': 'for', 'isRight': 0}, {'answerId': 77727, 'answerSeq': 2, 'answerKey': 'C', 'answerValue': 'with', 'isRight': 0}, {'answerId': 77728, 'answerSeq': 3, 'answerKey': 'D', 'answerValue': 'into', 'isRight': 1}]"
30240, I decorated the fruit salad with a ______ of mint. ,choice,"[{'answerId': 77729, 'answerSeq': 0, 'answerKey': 'A', 'answerValue': 'sprit', 'isRight': 0}, {'answerId': 77730, 'answerSeq': 1, 'answerKey': 'B', 'answerValue': 'sprig', 'isRight': 1}, {'answerId': 77731, 'answerSeq': 2, 'answerKey': 'C', 'answerValue': 'spring', 'isRight': 0}, {'answerId': 77732, 'answerSeq': 3, 'answerKey': 'D', 'answerValue': 'spree', 'isRight': 0}]"
30240," The grass was like an ______ of gold, and below her the valley swam in golden mist. ",choice,"[{'answerId': 77733, 'answerSeq': 0, 'answerKey': 'A', 'answerValue': 'expence', 'isRight': 0}, {'answerId': 77734, 'answerSeq': 1, 'answerKey': 'B', 'answerValue': 'expanse', 'isRight': 1}, {'answerId': 77735, 'answerSeq': 2, 'answerKey': 'C', 'answerValue': 'expectation', 'isRight': 0}, {'answerId': 77736, 'answerSeq': 3, 'answerKey': 'D', 'answerValue': 'experience', 'isRight': 0}]"
30240," Which of the following is a synonym of ""jumbo"" in ""The lights flickered between icy blue and red-hot, leaping toward the night sky beside a jumbo sign ...""? ",choice,"[{'answerId': 77737, 'answerSeq': 0, 'answerKey': 'A', 'answerValue': 'ordinary', 'isRight': 0}, {'answerId': 77738, 'answerSeq': 1, 'answerKey': 'B', 'answerValue': 'dwarf', 'isRight': 0}, {'answerId': 77739, 'answerSeq': 2, 'answerKey': 'C', 'answerValue': 'moderate', 'isRight': 0}, {'answerId': 77740, 'answerSeq': 3, 'answerKey': 'D', 'answerValue': 'gigantic', 'isRight': 1}]"
30240," Which of the following can BEST replace ""flickered"" in ""The lights flickered between icy blue and red-hot, leaping toward the night sky beside a jumbo sign""? ",choice,"[{'answerId': 77741, 'answerSeq': 0, 'answerKey': 'A', 'answerValue': 'sparkled', 'isRight': 1}, {'answerId': 77742, 'answerSeq': 1, 'answerKey': 'B', 'answerValue': 'darkened', 'isRight': 0}, {'answerId': 77743, 'answerSeq': 2, 'answerKey': 'C', 'answerValue': 'eclipsed', 'isRight': 0}, {'answerId': 77744, 'answerSeq': 3, 'answerKey': 'D', 'answerValue': 'obscured', 'isRight': 0}]"
30240," Which of the following has the word ""lend"" with the same meaning as that in ""Diners grill their own skewers on tabletop charcoal stoves, which lends the meal a D.I.Y. feel ...""? ",choice,"[{'answerId': 77745, 'answerSeq': 0, 'answerKey': 'A', 'answerValue': 'The bank refuses to lend to students.', 'isRight': 0}, {'answerId': 77746, 'answerSeq': 1, 'answerKey': 'B', 'answerValue': ""She doesn't like lending her books."", 'isRight': 0}, {'answerId': 77747, 'answerSeq': 2, 'answerKey': 'C', 'answerValue': 'The setting sun lent an air of melancholy to the scene.', 'isRight': 1}, {'answerId': 77748, 'answerSeq': 3, 'answerKey': 'D', 'answerValue': ""The novel's complex, imaginative style does not lend itself to translation."", 'isRight': 0}]"
30240," What does ""frenzy"" mean in ""As a result, locals ¡ª seemingly unable to believe their luck ¡ª have done all they can to keep the frenzy alive""? ",choice,"[{'answerId': 77749, 'answerSeq': 0, 'answerKey': 'A', 'answerValue': 'the situation in which people disagree about something', 'isRight': 0}, {'answerId': 77750, 'answerSeq': 1, 'answerKey': 'B', 'answerValue': 'a state of great activity and strong emotion', 'isRight': 1}, {'answerId': 77751, 'answerSeq': 2, 'answerKey': 'C', 'answerValue': 'the quality of looking or being complete in a natural and attractive way', 'isRight': 0}, {'answerId': 77752, 'answerSeq': 3, 'answerKey': 'D', 'answerValue': 'a situation in which people are peaceful and agree with each other', 'isRight': 0}]"
30240," Which of the following has the word ""draw"" with the same meaning as that in ""The cheap prices were also a draw ¡ª skewers start at 15 cents at the most popular restaurants ¡ª so other young people began flocking to town. Influencers followed""? ",choice,"[{'answerId': 77753, 'answerSeq': 0, 'answerKey': 'A', 'answerValue': 'She took one last draw from the cigarette.', 'isRight': 0}, {'answerId': 77754, 'answerSeq': 1, 'answerKey': 'B', 'answerValue': 'The draw for the raffle takes place on Saturday.', 'isRight': 0}, {'answerId': 77755, 'answerSeq': 2, 'answerKey': 'C', 'answerValue': 'She is currently one of the biggest draws on the Irish music scene.', 'isRight': 1}, {'answerId': 77756, 'answerSeq': 3, 'answerKey': 'D', 'answerValue': 'There are only two seeded players left in the top half of the draw.', 'isRight': 0}]"
30241,Hugh blames his lack of confidence ______ his mother.,choice,"[{'answerId': 77517, 'answerSeq': 0, 'answerKey': '', 'answerValue': 'in', 'isRight': 0}, {'answerId': 77518, 'answerSeq': 0, 'answerKey': '', 'answerValue': 'to', 'isRight': 0}, {'answerId': 77519, 'answerSeq': 0, 'answerKey': '', 'answerValue': 'of', 'isRight': 0}, {'answerId': 77520, 'answerSeq': 0, 'answerKey': '', 'answerValue': 'on', 'isRight': 1}]"
30241,I'm sick ______ the way you're behaving.,choice,"[{'answerId': 77521, 'answerSeq': 0, 'answerKey': '', 'answerValue': 'at', 'isRight': 0}, {'answerId': 77522, 'answerSeq': 0, 'answerKey': '', 'answerValue': 'up', 'isRight': 0}, {'answerId': 77523, 'answerSeq': 0, 'answerKey': '', 'answerValue': 'as', 'isRight': 0}, {'answerId': 77524, 'answerSeq': 0, 'answerKey': '', 'answerValue': 'of', 'isRight': 1}]"
30241,One even chased me ______ the sidewalk to return a scarf I left on the seat. ,choice,"[{'answerId': 77525, 'answerSeq': 0, 'answerKey': '', 'answerValue': 'on', 'isRight': 0}, {'answerId': 77526, 'answerSeq': 0, 'answerKey': '', 'answerValue': 'down', 'isRight': 1}, {'answerId': 77527, 'answerSeq': 0, 'answerKey': '', 'answerValue': 'for', 'isRight': 0}, {'answerId': 77528, 'answerSeq': 0, 'answerKey': '', 'answerValue': 'with', 'isRight': 0}]"
30241,If he keeps doing stuff like that he's going to wind ______ in prison!,choice,"[{'answerId': 77529, 'answerSeq': 0, 'answerKey': '', 'answerValue': 'to', 'isRight': 0}, {'answerId': 77530, 'answerSeq': 0, 'answerKey': '', 'answerValue': 'in', 'isRight': 0}, {'answerId': 77531, 'answerSeq': 0, 'answerKey': '', 'answerValue': 'up', 'isRight': 1}, {'answerId': 77532, 'answerSeq': 0, 'answerKey': '', 'answerValue': 'of', 'isRight': 0}]"
30241,"Which of the following can BEST replace ""sick"" in ""'I'm so sick of smiling,' says Danny Cho (Steven Yeun) in the first episode of Netflix's ""Beef'""?",choice,"[{'answerId': 77533, 'answerSeq': 0, 'answerKey': '', 'answerValue': 'wise', 'isRight': 0}, {'answerId': 77534, 'answerSeq': 0, 'answerKey': '', 'answerValue': 'slow', 'isRight': 0}, {'answerId': 77535, 'answerSeq': 0, 'answerKey': '', 'answerValue': 'tired', 'isRight': 1}, {'answerId': 77536, 'answerSeq': 0, 'answerKey': '', 'answerValue': 'dumb', 'isRight': 0}]"
30241,"What does ""docility"" mean in ""...  in part because of 'model minority' stereotypes of docility""? ",choice,"[{'answerId': 77537, 'answerSeq': 0, 'answerKey': '', 'answerValue': 'the physical or mental power or skill needed to do something', 'isRight': 0}, {'answerId': 77538, 'answerSeq': 0, 'answerKey': '', 'answerValue': 'the quality of being quiet and easy to influence, persuade, or control', 'isRight': 1}, {'answerId': 77539, 'answerSeq': 0, 'answerKey': '', 'answerValue': 'the principle that there is a cause for everything that happens', 'isRight': 0}, {'answerId': 77540, 'answerSeq': 0, 'answerKey': '', 'answerValue': 'the largest possible amount or degree of something', 'isRight': 0}]"
30241,"What does ""invigorating"" mean in ""What makes this one of the most invigorating, surprising and insightful debuts ...""? ",choice,"[{'answerId': 77541, 'answerSeq': 0, 'answerKey': '', 'answerValue': 'normal; happening, done, or used most often', 'isRight': 0}, {'answerId': 77542, 'answerSeq': 0, 'answerKey': '', 'answerValue': 'not joking or intended to be funny', 'isRight': 0}, {'answerId': 77543, 'answerSeq': 0, 'answerKey': '', 'answerValue': 'making you feel healthier, less tired, and more energetic', 'isRight': 1}, {'answerId': 77544, 'answerSeq': 0, 'answerKey': '', 'answerValue': 'involving a lot of different parts, in a way that is difficult to understand', 'isRight': 0}]"
30241,"Which of the following is the synonym of ""repress"" in ""Amy describes learning to repress her emotions from her father ...""? ",choice,"[{'answerId': 77545, 'answerSeq': 0, 'answerKey': '', 'answerValue': 'expend', 'isRight': 0}, {'answerId': 77546, 'answerSeq': 0, 'answerKey': '', 'answerValue': 'increase', 'isRight': 0}, {'answerId': 77547, 'answerSeq': 0, 'answerKey': '', 'answerValue': 'contend', 'isRight': 0}, {'answerId': 77548, 'answerSeq': 0, 'answerKey': '', 'answerValue': 'suppress', 'isRight': 1}]"
30241,"What does ""countermove"" mean in ""She, planning her next countermove, relaxes into a tiny grin""? ",choice,"[{'answerId': 77549, 'answerSeq': 0, 'answerKey': 'A', 'answerValue': 'an action by one person that is a reaction to an action by someone else', 'isRight': 1}, {'answerId': 77550, 'answerSeq': 1, 'answerKey': 'B', 'answerValue': 'the situation in which a lot of things are happening or people are moving around', 'isRight': 0}, {'answerId': 77551, 'answerSeq': 2, 'answerKey': 'C', 'answerValue': 'uncertainty caused by the possibility of a sudden change in the present situation', 'isRight': 0}, {'answerId': 77552, 'answerSeq': 3, 'answerKey': 'D', 'answerValue': 'the way in which someone is treated and trained as a child', 'isRight': 0}]"
30241,"Which of the following is the synonym of ""ample"" in ""Beef"" provides ample evidence of this ...""? ",choice,"[{'answerId': 77553, 'answerSeq': 0, 'answerKey': '', 'answerValue': 'complicit', 'isRight': 0}, {'answerId': 77554, 'answerSeq': 0, 'answerKey': '', 'answerValue': 'plentiful', 'isRight': 1}, {'answerId': 77555, 'answerSeq': 0, 'answerKey': '', 'answerValue': 'meaningful', 'isRight': 0}, {'answerId': 77556, 'answerSeq': 0, 'answerKey': '', 'answerValue': 'affective', 'isRight': 0}]"
30242, Does he wear those ridiculous clothes to ______ attention to himself?,choice,"[{'answerId': 75357, 'answerSeq': 0, 'answerKey': 'A', 'answerValue': 'drape', 'isRight': 0}, {'answerId': 75358, 'answerSeq': 1, 'answerKey': 'B', 'answerValue': 'drag', 'isRight': 0}, {'answerId': 75359, 'answerSeq': 2, 'answerKey': 'C', 'answerValue': 'draw', 'isRight': 1}, {'answerId': 75360, 'answerSeq': 3, 'answerKey': 'D', 'answerValue': 'drat', 'isRight': 0}]"
30242, Unhappiness was ______ into the natural fabric of people's lives.,choice,"[{'answerId': 75361, 'answerSeq': 0, 'answerKey': 'A', 'answerValue': 'worn', 'isRight': 0}, {'answerId': 75362, 'answerSeq': 1, 'answerKey': 'B', 'answerValue': 'woven', 'isRight': 1}, {'answerId': 75363, 'answerSeq': 2, 'answerKey': 'C', 'answerValue': 'weaken', 'isRight': 0}, {'answerId': 75364, 'answerSeq': 3, 'answerKey': 'D', 'answerValue': 'warned', 'isRight': 0}]"
30242, The company cited a 13 percent decline in new orders ______ evidence that overall demand for its products was falling.,choice,"[{'answerId': 75365, 'answerSeq': 0, 'answerKey': 'A', 'answerValue': 'as', 'isRight': 1}, {'answerId': 75366, 'answerSeq': 1, 'answerKey': 'B', 'answerValue': 'on', 'isRight': 0}, {'answerId': 75367, 'answerSeq': 2, 'answerKey': 'C', 'answerValue': 'at', 'isRight': 0}, {'answerId': 75368, 'answerSeq': 3, 'answerKey': 'D', 'answerValue': 'of', 'isRight': 0}]"
30242, The loan from his father gave him a leg ______ when he needed it.,choice,"[{'answerId': 75369, 'answerSeq': 0, 'answerKey': 'A', 'answerValue': 'over', 'isRight': 0}, {'answerId': 75370, 'answerSeq': 1, 'answerKey': 'B', 'answerValue': 'beyond', 'isRight': 0}, {'answerId': 75371, 'answerSeq': 2, 'answerKey': 'C', 'answerValue': 'up', 'isRight': 1}, {'answerId': 75372, 'answerSeq': 3, 'answerKey': 'D', 'answerValue': 'off', 'isRight': 0}]"
30242, A flood of cheap Italian tomatoes has almost ______ the market. ,choice,"[{'answerId': 75373, 'answerSeq': 0, 'answerKey': 'A', 'answerValue': 'satisfied', 'isRight': 0}, {'answerId': 75374, 'answerSeq': 1, 'answerKey': 'B', 'answerValue': 'satirized', 'isRight': 0}, {'answerId': 75375, 'answerSeq': 2, 'answerKey': 'C', 'answerValue': 'sapped', 'isRight': 0}, {'answerId': 75376, 'answerSeq': 3, 'answerKey': 'D', 'answerValue': 'saturated', 'isRight': 1}]"
30242," What does ""forge"" mean in ""Four of the five hottest apps in the U.S. in March were forged in China""? ",choice,"[{'answerId': 75377, 'answerSeq': 0, 'answerKey': 'A', 'answerValue': 'to happen in a particular way or direction', 'isRight': 0}, {'answerId': 75378, 'answerSeq': 1, 'answerKey': 'B', 'answerValue': 'to mention an idea, possible plan, or action', 'isRight': 0}, {'answerId': 75379, 'answerSeq': 2, 'answerKey': 'C', 'answerValue': 'to cause someone to have strong feelings', 'isRight': 0}, {'answerId': 75380, 'answerSeq': 3, 'answerKey': 'D', 'answerValue': 'to form or make, especially by concentrated effort', 'isRight': 1}]"
30242," Which of the following is the synonym of ""facet"" in ""An often overlooked facet is how cutthroat competition for users at home has given Chinese firms a leg up over Western rivals""? ",choice,"[{'answerId': 75381, 'answerSeq': 0, 'answerKey': 'A', 'answerValue': 'institution', 'isRight': 0}, {'answerId': 75382, 'answerSeq': 1, 'answerKey': 'B', 'answerValue': 'aspect', 'isRight': 1}, {'answerId': 75383, 'answerSeq': 2, 'answerKey': 'C', 'answerValue': 'detail', 'isRight': 0}, {'answerId': 75384, 'answerSeq': 3, 'answerKey': 'D', 'answerValue': 'percept', 'isRight': 0}]"
30242," What does ""secret sauce"" mean in ""Algorithms are often cited as their secret sauce""? ",choice,"[{'answerId': 75385, 'answerSeq': 0, 'answerKey': 'A', 'answerValue': 'something is related to touching or our sense of touch', 'isRight': 0}, {'answerId': 75386, 'answerSeq': 1, 'answerKey': 'B', 'answerValue': 'a special quality that makes something successful', 'isRight': 1}, {'answerId': 75387, 'answerSeq': 2, 'answerKey': 'C', 'answerValue': 'the effect something has on another thing', 'isRight': 0}, {'answerId': 75388, 'answerSeq': 3, 'answerKey': 'D', 'answerValue': 'the result that is wanted from an activity', 'isRight': 0}]"
30242," Which of the following is the synonym of ""back"" in ""They are backed by China's vast pool of tech talent""? ",choice,"[{'answerId': 75389, 'answerSeq': 0, 'answerKey': 'A', 'answerValue': 'retreat', 'isRight': 0}, {'answerId': 75390, 'answerSeq': 1, 'answerKey': 'B', 'answerValue': 'closure', 'isRight': 0}, {'answerId': 75391, 'answerSeq': 2, 'answerKey': 'C', 'answerValue': 'dispose', 'isRight': 0}, {'answerId': 75392, 'answerSeq': 3, 'answerKey': 'D', 'answerValue': 'support', 'isRight': 1}]"
30242," What does ""fine-tune"" mean in ""... Chinese tech companies have harnessed a labor pool of affordable talent to constantly fine-tune product features""? ",choice,"[{'answerId': 75393, 'answerSeq': 0, 'answerKey': 'A', 'answerValue': 'to be in the right place or a suitable place', 'isRight': 0}, {'answerId': 75394, 'answerSeq': 1, 'answerKey': 'B', 'answerValue': 'to adjust a device, system, policy, etc. for greater effectiveness', 'isRight': 1}, {'answerId': 75395, 'answerSeq': 2, 'answerKey': 'C', 'answerValue': 'to notice or make a link between people, things', 'isRight': 0}, {'answerId': 75396, 'answerSeq': 3, 'answerKey': 'D', 'answerValue': 'looking or being almost, but not exactly, the same', 'isRight': 0}]"
30243, ______ of stage and screen assembled for last night's awards ceremony.,choice,"[{'answerId': 75317, 'answerSeq': 0, 'answerKey': 'A', 'answerValue': 'Luminaires', 'isRight': 0}, {'answerId': 75318, 'answerSeq': 1, 'answerKey': 'B', 'answerValue': 'Luxuries', 'isRight': 0}, {'answerId': 75319, 'answerSeq': 2, 'answerKey': 'C', 'answerValue': 'Luminaries', 'isRight': 1}, {'answerId': 75320, 'answerSeq': 3, 'answerKey': 'D', 'answerValue': 'Lullabies', 'isRight': 0}]"
30243, The move comes ______ fears of rising regional tensions. ,choice,"[{'answerId': 75321, 'answerSeq': 0, 'answerKey': 'A', 'answerValue': 'against', 'isRight': 0}, {'answerId': 75322, 'answerSeq': 1, 'answerKey': 'B', 'answerValue': 'over', 'isRight': 0}, {'answerId': 75323, 'answerSeq': 2, 'answerKey': 'C', 'answerValue': 'around', 'isRight': 0}, {'answerId': 75324, 'answerSeq': 3, 'answerKey': 'D', 'answerValue': 'amid', 'isRight': 1}]"
30243, I think the amount of work will increase and that it will become ______ more complex. ,choice,"[{'answerId': 75325, 'answerSeq': 0, 'answerKey': 'A', 'answerValue': 'since', 'isRight': 0}, {'answerId': 75326, 'answerSeq': 1, 'answerKey': 'B', 'answerValue': 'all', 'isRight': 0}, {'answerId': 75327, 'answerSeq': 2, 'answerKey': 'C', 'answerValue': 'ever', 'isRight': 1}, {'answerId': 75328, 'answerSeq': 3, 'answerKey': 'D', 'answerValue': 'before', 'isRight': 0}]"
30243," The car skidded and went out ______ control, crashing into an oncoming truck. ",choice,"[{'answerId': 75329, 'answerSeq': 0, 'answerKey': 'A', 'answerValue': 'in', 'isRight': 0}, {'answerId': 75330, 'answerSeq': 1, 'answerKey': 'B', 'answerValue': 'of', 'isRight': 1}, {'answerId': 75331, 'answerSeq': 2, 'answerKey': 'C', 'answerValue': 'on', 'isRight': 0}, {'answerId': 75332, 'answerSeq': 3, 'answerKey': 'D', 'answerValue': 'at', 'isRight': 0}]"
30243," What does ""pose"" mean in "" 'AI systems with human-competitive intelligence can pose profound risks to society and humanity' ...""? ",choice,"[{'answerId': 75333, 'answerSeq': 0, 'answerKey': 'A', 'answerValue': 'to put yourself somewhere where you cannot be found', 'isRight': 0}, {'answerId': 75334, 'answerSeq': 1, 'answerKey': 'B', 'answerValue': 'to cause a possible problem in the future', 'isRight': 1}, {'answerId': 75335, 'answerSeq': 2, 'answerKey': 'C', 'answerValue': 'to finish doing something that you were doing', 'isRight': 0}, {'answerId': 75336, 'answerSeq': 3, 'answerKey': 'D', 'answerValue': 'to consider two people or things as different or not related', 'isRight': 0}]"
30243," What does ""urge"" mean in ""Elon Musk among experts urging a halt to AI training""? ",choice,"[{'answerId': 75337, 'answerSeq': 0, 'answerKey': 'A', 'answerValue': 'to make something into a particular shape', 'isRight': 0}, {'answerId': 75338, 'answerSeq': 1, 'answerKey': 'B', 'answerValue': 'to make people move apart or into different places', 'isRight': 0}, {'answerId': 75339, 'answerSeq': 2, 'answerKey': 'C', 'answerValue': 'to strongly encourage or persuade someone to do something', 'isRight': 1}, {'answerId': 75340, 'answerSeq': 3, 'answerKey': 'D', 'answerValue': 'to cause to work, be in action or have an effect', 'isRight': 0}]"
30243," Which of the following has the word ""figure"" with the same meaning as that in ""Key figures in artificial intelligence want training of powerful AI systems to be suspended ...""? ",choice,"[{'answerId': 75341, 'answerSeq': 0, 'answerKey': 'A', 'answerValue': 'Write the amount in both words and figures.', 'isRight': 0}, {'answerId': 75342, 'answerSeq': 1, 'answerKey': 'B', 'answerValue': 'She was a central figure in the movement for constitutional reform.', 'isRight': 1}, {'answerId': 75343, 'answerSeq': 2, 'answerKey': 'C', 'answerValue': 'She got her figure back after having the baby.', 'isRight': 0}, {'answerId': 75344, 'answerSeq': 3, 'answerKey': 'D', 'answerValue': 'Please see figures 8 and 9.', 'isRight': 0}]"
30243," What does ""suspend"" mean in ""Key figures in artificial intelligence want training of powerful AI systems to be suspended ...""? ",choice,"[{'answerId': 75345, 'answerSeq': 0, 'answerKey': 'A', 'answerValue': 'to begin to happen or to make something begin to happen', 'isRight': 0}, {'answerId': 75346, 'answerSeq': 1, 'answerKey': 'B', 'answerValue': 'to say that something is wrong or not satisfactory', 'isRight': 0}, {'answerId': 75347, 'answerSeq': 2, 'answerKey': 'C', 'answerValue': 'to temporarily stop something from continuing or to pause an activity', 'isRight': 1}, {'answerId': 75348, 'answerSeq': 3, 'answerKey': 'D', 'answerValue': 'to tell the facts without hiding anything', 'isRight': 0}]"
30243," Which of the following is the synonym of ""halt"" in ""The letter ... wants development to be halted temporarily at that level ...""? ",choice,"[{'answerId': 75349, 'answerSeq': 0, 'answerKey': 'A', 'answerValue': 'initiate', 'isRight': 0}, {'answerId': 75350, 'answerSeq': 1, 'answerKey': 'B', 'answerValue': 'commence', 'isRight': 0}, {'answerId': 75351, 'answerSeq': 2, 'answerKey': 'C', 'answerValue': 'embark', 'isRight': 0}, {'answerId': 75352, 'answerSeq': 3, 'answerKey': 'D', 'answerValue': 'stop', 'isRight': 1}]"
30243," What does ""state-of-the-art"" mean in ""OpenAI, the company behind ChatGPT, recently released GPT-4 - a state-of-the-art technology ...""? ",choice,"[{'answerId': 75353, 'answerSeq': 0, 'answerKey': 'A', 'answerValue': 'the particular state that something or someone is in', 'isRight': 0}, {'answerId': 75354, 'answerSeq': 1, 'answerKey': 'B', 'answerValue': 'something that is the most advanced or modern of its kind', 'isRight': 1}, {'answerId': 75355, 'answerSeq': 2, 'answerKey': 'C', 'answerValue': 'an arrangement that must exist before something else can happen', 'isRight': 0}, {'answerId': 75356, 'answerSeq': 3, 'answerKey': 'D', 'answerValue': 'an occasion when someone appears in public', 'isRight': 0}]"
30244, Interesting ideas about education and healthcare are bubbling ______ all over the country.,choice,"[{'answerId': 75117, 'answerSeq': 0, 'answerKey': '', 'answerValue': 'off', 'isRight': 0}, {'answerId': 75118, 'answerSeq': 0, 'answerKey': '', 'answerValue': 'over', 'isRight': 0}, {'answerId': 75119, 'answerSeq': 0, 'answerKey': '', 'answerValue': 'beyond', 'isRight': 0}, {'answerId': 75120, 'answerSeq': 0, 'answerKey': '', 'answerValue': 'up', 'isRight': 1}]"
30244," Famous paintings have been paired ______ poems by Sandburg, Angelou, and others.",choice,"[{'answerId': 75121, 'answerSeq': 0, 'answerKey': '', 'answerValue': 'for', 'isRight': 0}, {'answerId': 75122, 'answerSeq': 0, 'answerKey': '', 'answerValue': 'from', 'isRight': 0}, {'answerId': 75123, 'answerSeq': 0, 'answerKey': '', 'answerValue': 'with', 'isRight': 1}, {'answerId': 75124, 'answerSeq': 0, 'answerKey': '', 'answerValue': 'against', 'isRight': 0}]"
30244, He's serving an ______ as a printer.,choice,"[{'answerId': 75125, 'answerSeq': 0, 'answerKey': '', 'answerValue': 'appendix', 'isRight': 0}, {'answerId': 75126, 'answerSeq': 0, 'answerKey': '', 'answerValue': 'apprenticeship', 'isRight': 1}, {'answerId': 75127, 'answerSeq': 0, 'answerKey': '', 'answerValue': 'appearance', 'isRight': 0}, {'answerId': 75128, 'answerSeq': 0, 'answerKey': '', 'answerValue': 'appraisal', 'isRight': 0}]"
30244, I've been struggling ______ understand this article all afternoon. ,choice,"[{'answerId': 75129, 'answerSeq': 0, 'answerKey': '', 'answerValue': 'of', 'isRight': 0}, {'answerId': 75130, 'answerSeq': 0, 'answerKey': '', 'answerValue': 'to', 'isRight': 1}, {'answerId': 75131, 'answerSeq': 0, 'answerKey': '', 'answerValue': 'for', 'isRight': 0}, {'answerId': 75132, 'answerSeq': 0, 'answerKey': '', 'answerValue': 'at', 'isRight': 0}]"
30244, That ______ seems worse than it was ten years ago.,choice,"[{'answerId': 75133, 'answerSeq': 0, 'answerKey': '', 'answerValue': 'mission', 'isRight': 0}, {'answerId': 75134, 'answerSeq': 0, 'answerKey': '', 'answerValue': 'missile', 'isRight': 0}, {'answerId': 75135, 'answerSeq': 0, 'answerKey': '', 'answerValue': 'mismatch', 'isRight': 1}, {'answerId': 75136, 'answerSeq': 0, 'answerKey': '', 'answerValue': 'missive', 'isRight': 0}]"
30244," Which of the following has the word ""drop"" with the same meaning as that in ""Companies such as Alphabet Inc's Google ... have responded by dropping college degrees as requirements ...""? ",choice,"[{'answerId': 75137, 'answerSeq': 0, 'answerKey': '', 'answerValue': 'The water level in the flooded region has finally begun to drop.', 'isRight': 0}, {'answerId': 75138, 'answerSeq': 0, 'answerKey': '', 'answerValue': ""I'm going to drop yoga and do aerobics instead."", 'isRight': 1}, {'answerId': 75139, 'answerSeq': 0, 'answerKey': '', 'answerValue': 'I dropped him at the library and went shopping.', 'isRight': 0}, {'answerId': 75140, 'answerSeq': 0, 'answerKey': '', 'answerValue': ""He's been dropped from the team because of injury."", 'isRight': 0}]"
30244," Which of the following is the synonym of ""unanimous"" in ""Her family was unanimous: Take the apprenticeship""? ",choice,"[{'answerId': 75141, 'answerSeq': 0, 'answerKey': '', 'answerValue': 'unrelated', 'isRight': 0}, {'answerId': 75142, 'answerSeq': 0, 'answerKey': '', 'answerValue': 'irrelevant', 'isRight': 0}, {'answerId': 75143, 'answerSeq': 0, 'answerKey': '', 'answerValue': 'undivided', 'isRight': 1}, {'answerId': 75144, 'answerSeq': 0, 'answerKey': '', 'answerValue': 'contradictory', 'isRight': 0}]"
30244," What does ""recalibrate"" mean in ""Family conversations like the one in Ms. Cruz's living room are bubbling up around the country as high-school seniors recalibrate their options""? ",choice,"[{'answerId': 75145, 'answerSeq': 0, 'answerKey': '', 'answerValue': 'to change the way you do or think about something', 'isRight': 1}, {'answerId': 75146, 'answerSeq': 0, 'answerKey': '', 'answerValue': 'to refuse to allow somebody to enter a place', 'isRight': 0}, {'answerId': 75147, 'answerSeq': 0, 'answerKey': '', 'answerValue': 'to fail to do what you want or expect it to do', 'isRight': 0}, {'answerId': 75148, 'answerSeq': 0, 'answerKey': '', 'answerValue': 'to arrange things or people in a particular way or position', 'isRight': 0}]"
30244," What does ""vocational"" mean in ""... the acceleration of a shift away from the nation's half-century ... toward a choice of either college or vocational programs ...""? ",choice,"[{'answerId': 75149, 'answerSeq': 0, 'answerKey': '', 'answerValue': 'acceptable or right for someone or something', 'isRight': 0}, {'answerId': 75150, 'answerSeq': 0, 'answerKey': '', 'answerValue': 'an official day when you do not have to go to work or school', 'isRight': 0}, {'answerId': 75151, 'answerSeq': 0, 'answerKey': '', 'answerValue': 'just good enough, but not very good', 'isRight': 0}, {'answerId': 75152, 'answerSeq': 0, 'answerKey': '', 'answerValue': 'providing skills and education that prepare you for a job', 'isRight': 1}]"
30244," Which of the following is the synonym of ""mentor"" in ""Apprenticeships take many forms but generally pair students with a course of study ... under the supervision of a mentor""? ",choice,"[{'answerId': 75153, 'answerSeq': 0, 'answerKey': '', 'answerValue': 'sage', 'isRight': 0}, {'answerId': 75154, 'answerSeq': 0, 'answerKey': '', 'answerValue': 'tutor', 'isRight': 1}, {'answerId': 75155, 'answerSeq': 0, 'answerKey': '', 'answerValue': 'luminary', 'isRight': 0}, {'answerId': 75156, 'answerSeq': 0, 'answerKey': '', 'answerValue': 'notable', 'isRight': 0}]"
